<?xml version="1.0" encoding="UTF-8"?>
<project-private xmlns="http://www.netbeans.org/ns/project-private/1">
    <editor-bookmarks xmlns="http://www.netbeans.org/ns/editor-bookmarks/2" lastBookmarkId="0"/>
    <open-files xmlns="http://www.netbeans.org/ns/projectui-open-files/2">
        <group>
            <file>file:/E:/Apetch-Java/JavaApplication26/src/veiculos/Aquatico.java</file>
            <file>file:/E:/Apetch-Java/JavaApplication26/src/veiculos/Aereo.java</file>
            <file>file:/E:/Apetch-Java/JavaApplication26/src/main/Main.java</file>
            <file>file:/E:/Apetch-Java/JavaApplication26/src/veiculos/Terrestre.java</file>
            <file>file:/E:/Apetch-Java/JavaApplication26/src/veiculos/Veiculos.java</file>
        </group>
    </open-files>
</project-private>
