<?xml version="1.0" encoding="UTF-8"?>
<project-private xmlns="http://www.netbeans.org/ns/project-private/1">
    <open-files xmlns="http://www.netbeans.org/ns/projectui-open-files/2">
        <group>
            <file>file:/E:/Apetch-Java/GPJ-Aula01-Ex02-ExemploHeranca/src/animais/Gato.java</file>
            <file>file:/E:/Apetch-Java/GPJ-Aula01-Ex02-ExemploHeranca/src/animais/Mamifero.java</file>
            <file>file:/E:/Apetch-Java/GPJ-Aula01-Ex02-ExemploHeranca/src/animais/Cachorro.java</file>
            <file>file:/E:/Apetch-Java/GPJ-Aula01-Ex02-ExemploHeranca/src/animais/Animal.java</file>
            <file>file:/E:/Apetch-Java/GPJ-Aula01-Ex02-ExemploHeranca/src/main/Main.java</file>
        </group>
    </open-files>
</project-private>
