<?xml version="1.0" encoding="UTF-8"?>
<project-private xmlns="http://www.netbeans.org/ns/project-private/1">
    <editor-bookmarks xmlns="http://www.netbeans.org/ns/editor-bookmarks/2" lastBookmarkId="0"/>
    <open-files xmlns="http://www.netbeans.org/ns/projectui-open-files/2">
        <group>
            <file>file:/E:/Apetch-Java/20160924-Aula02/GPJ-Aula01-Ex05-ExercicioSobreposicaoMundo/src/importacao/EUA.java</file>
            <file>file:/E:/Apetch-Java/20160924-Aula02/GPJ-Aula01-Ex05-ExercicioSobreposicaoMundo/src/importacao/China.java</file>
            <file>file:/E:/Apetch-Java/20160924-Aula02/GPJ-Aula01-Ex05-ExercicioSobreposicaoMundo/src/main/Main.java</file>
            <file>file:/E:/Apetch-Java/20160924-Aula02/GPJ-Aula01-Ex05-ExercicioSobreposicaoMundo/src/importacao/Mundo.java</file>
        </group>
    </open-files>
</project-private>
