<?xml version="1.0" encoding="UTF-8"?>
<project-private xmlns="http://www.netbeans.org/ns/project-private/1">
    <editor-bookmarks xmlns="http://www.netbeans.org/ns/editor-bookmarks/2" lastBookmarkId="0"/>
    <open-files xmlns="http://www.netbeans.org/ns/projectui-open-files/2">
        <group>
            <file>file:/E:/Apetch-Java/GPJ/GPJ-Aula02-Ex01-ExemploInterface/src/animais/Animal.java</file>
            <file>file:/E:/Apetch-Java/GPJ/GPJ-Aula02-Ex01-ExemploInterface/src/animais/Girafa.java</file>
            <file>file:/E:/Apetch-Java/GPJ/GPJ-Aula02-Ex01-ExemploInterface/src/main/Main.java</file>
            <file>file:/E:/Apetch-Java/GPJ/GPJ-Aula02-Ex01-ExemploInterface/src/animais/Lobo.java</file>
            <file>file:/E:/Apetch-Java/GPJ/GPJ-Aula02-Ex01-ExemploInterface/src/animais/Jacare.java</file>
            <file>file:/E:/Apetch-Java/GPJ/GPJ-Aula02-Ex01-ExemploInterface/src/animais/Cachorro.java</file>
        </group>
    </open-files>
</project-private>
