<?xml version="1.0" encoding="UTF-8"?>
<project-private xmlns="http://www.netbeans.org/ns/project-private/1">
    <open-files xmlns="http://www.netbeans.org/ns/projectui-open-files/2">
        <group>
            <file>file:/C:/TAILANE/Documentos/NetBeansProjects/GPJ-Prova01-Ex03-Tailane/src/main/Main.java</file>
            <file>file:/C:/TAILANE/Documentos/NetBeansProjects/GPJ-Prova01-Ex03-Tailane/src/classes/Felinos.java</file>
            <file>file:/C:/TAILANE/Documentos/NetBeansProjects/GPJ-Prova01-Ex03-Tailane/src/classes/Mamiferos.java</file>
            <file>file:/C:/TAILANE/Documentos/NetBeansProjects/GPJ-Prova01-Ex03-Tailane/src/classes/Caninos.java</file>
        </group>
    </open-files>
</project-private>
