<?xml version="1.0" encoding="UTF-8"?>
<project-private xmlns="http://www.netbeans.org/ns/project-private/1">
    <editor-bookmarks xmlns="http://www.netbeans.org/ns/editor-bookmarks/2" lastBookmarkId="0"/>
    <open-files xmlns="http://www.netbeans.org/ns/projectui-open-files/2">
        <group>
            <file>file:/E:/Aptech-Java/03-CBJ/CBJ-Aula03-Ex08-DesafioDelete/src/conexao/ConexaoDB.java</file>
            <file>file:/E:/Aptech-Java/03-CBJ/CBJ-Aula03-Ex08-DesafioDelete/src/main/Main.java</file>
            <file>file:/E:/Aptech-Java/03-CBJ/CBJ-Aula03-Ex08-DesafioDelete/src/telaDelete/TelaDELETE.java</file>
        </group>
    </open-files>
</project-private>
