<?xml version="1.0" encoding="UTF-8"?>
<project-private xmlns="http://www.netbeans.org/ns/project-private/1">
    <editor-bookmarks xmlns="http://www.netbeans.org/ns/editor-bookmarks/2" lastBookmarkId="0"/>
    <open-files xmlns="http://www.netbeans.org/ns/projectui-open-files/2">
        <group>
            <file>file:/E:/Apetch-Java/Aula01/ExemploChamarMetodoDentroDeMetodo/src/cumprimento/Tarde.java</file>
            <file>file:/E:/Apetch-Java/Aula01/ExemploChamarMetodoDentroDeMetodo/src/main/Main.java</file>
            <file>file:/E:/Apetch-Java/Aula01/ExemploChamarMetodoDentroDeMetodo/src/cumprimento/Noite.java</file>
            <file>file:/E:/Apetch-Java/Aula01/ExemploChamarMetodoDentroDeMetodo/src/cumprimento/Dia.java</file>
            <file>file:/E:/Apetch-Java/Aula01/ExemploChamarMetodoDentroDeMetodo/src/cumprimento/Menu.java</file>
        </group>
    </open-files>
</project-private>
