<?xml version="1.0" encoding="UTF-8"?>
<project-private xmlns="http://www.netbeans.org/ns/project-private/1">
    <editor-bookmarks xmlns="http://www.netbeans.org/ns/editor-bookmarks/2" lastBookmarkId="0"/>
    <open-files xmlns="http://www.netbeans.org/ns/projectui-open-files/2">
        <group>
            <file>file:/E:/Apetch-Java/GPJ/GPJ-Aula02-Ex02-ExercicioInterfaceCriarClasses/src/main/Main.java</file>
            <file>file:/E:/Apetch-Java/GPJ/GPJ-Aula02-Ex02-ExercicioInterfaceCriarClasses/src/pais/RJ.java</file>
            <file>file:/E:/Apetch-Java/GPJ/GPJ-Aula02-Ex02-ExercicioInterfaceCriarClasses/src/pais/RS.java</file>
            <file>file:/E:/Apetch-Java/GPJ/GPJ-Aula02-Ex02-ExercicioInterfaceCriarClasses/src/interfaces/IRegiaoSudeste.java</file>
            <file>file:/E:/Apetch-Java/GPJ/GPJ-Aula02-Ex02-ExercicioInterfaceCriarClasses/src/interfaces/IRegiaoSul.java</file>
            <file>file:/E:/Apetch-Java/GPJ/GPJ-Aula02-Ex02-ExercicioInterfaceCriarClasses/src/pais/SP.java</file>
            <file>file:/E:/Apetch-Java/GPJ/GPJ-Aula02-Ex02-ExercicioInterfaceCriarClasses/src/pais/BA.java</file>
            <file>file:/E:/Apetch-Java/GPJ/GPJ-Aula02-Ex02-ExercicioInterfaceCriarClasses/src/pais/Brasil.java</file>
        </group>
    </open-files>
</project-private>
