<?xml version="1.0" encoding="UTF-8"?>
<project-private xmlns="http://www.netbeans.org/ns/project-private/1">
    <editor-bookmarks xmlns="http://www.netbeans.org/ns/editor-bookmarks/2" lastBookmarkId="0"/>
    <open-files xmlns="http://www.netbeans.org/ns/projectui-open-files/2">
        <group>
            <file>file:/F:/Aptech-Java/IGJ/IGJ-Aula05-Ex04-MetodoEnviarEmail/src/emailutil/EmailUtil.java</file>
            <file>file:/F:/Aptech-Java/IGJ/IGJ-Aula05-Ex04-MetodoEnviarEmail/src/main/Main.java</file>
        </group>
    </open-files>
</project-private>
