<?xml version="1.0" encoding="UTF-8"?>
<project-private xmlns="http://www.netbeans.org/ns/project-private/1">
    <editor-bookmarks xmlns="http://www.netbeans.org/ns/editor-bookmarks/2" lastBookmarkId="0"/>
    <open-files xmlns="http://www.netbeans.org/ns/projectui-open-files/2">
        <group>
            <file>file:/E:/Apetch-Java/GPJ/GPJ-Aula01-Ex08-ExercicioMetodoAbstrato/src/func/TI.java</file>
            <file>file:/E:/Apetch-Java/GPJ/GPJ-Aula01-Ex08-ExercicioMetodoAbstrato/src/func/Adm.java</file>
            <file>file:/E:/Apetch-Java/GPJ/GPJ-Aula01-Ex08-ExercicioMetodoAbstrato/src/func/Funcionario.java</file>
            <file>file:/E:/Apetch-Java/GPJ/GPJ-Aula01-Ex08-ExercicioMetodoAbstrato/src/func/Financeiro.java</file>
            <file>file:/E:/Apetch-Java/GPJ/GPJ-Aula01-Ex08-ExercicioMetodoAbstrato/src/main/Main.java</file>
        </group>
    </open-files>
</project-private>
