<?xml version="1.0" encoding="UTF-8"?>
<project-private xmlns="http://www.netbeans.org/ns/project-private/1">
    <editor-bookmarks xmlns="http://www.netbeans.org/ns/editor-bookmarks/2" lastBookmarkId="0"/>
    <open-files xmlns="http://www.netbeans.org/ns/projectui-open-files/2">
        <group>
            <file>file:/E:/Apetch-Java/20160924-Aula02/GPJ-Aula01-Ex04-ExemploSobreposicao/src/familia/Filho2.java</file>
            <file>file:/E:/Apetch-Java/20160924-Aula02/GPJ-Aula01-Ex04-ExemploSobreposicao/src/familia/Filho3.java</file>
            <file>file:/E:/Apetch-Java/20160924-Aula02/GPJ-Aula01-Ex04-ExemploSobreposicao/src/familia/Filho1.java</file>
            <file>file:/E:/Apetch-Java/20160924-Aula02/GPJ-Aula01-Ex04-ExemploSobreposicao/src/familia/Pai.java</file>
            <file>file:/E:/Apetch-Java/20160924-Aula02/GPJ-Aula01-Ex04-ExemploSobreposicao/src/main/Main.java</file>
        </group>
    </open-files>
</project-private>
